,signal,entry_time,exit_time,entry_price,exit_price,sl,tp,lot_size,result,pnl,balance_after
0,BUY,2024-04-17 15:00:00,2024-04-17 19:00:00,2386.27,2374.34,2374.34,2410.13,0.08,loss,-100.56,9899.44
1,BUY,2024-04-19 08:00:00,2024-04-22 06:00:00,2384.34,2372.42,2372.42,2408.18,0.08,loss,-99.55,9799.89
2,BUY,2024-04-19 14:00:00,2024-04-22 06:00:00,2379.81,2367.91,2367.91,2403.61,0.08,loss,-98.56,9701.33
3,SELL,2024-04-23 08:00:00,2024-04-23 16:00:00,2305.26,2316.79,2316.79,2282.21,0.08,loss,-97.57,9603.76
4,SELL,2024-04-25 15:00:00,2024-04-25 17:00:00,2327.68,2339.32,2339.32,2304.4,0.08,loss,-96.6,9507.16
5,SELL,2024-04-30 13:00:00,2024-04-30 22:00:00,2312.48,2289.36,2324.04,2289.36,0.08,win,189.58,9696.74
6,SELL,2024-05-03 15:00:00,2024-05-03 16:00:00,2301.71,2278.69,2313.22,2278.69,0.08,win,193.37,9890.11
7,SELL,2024-05-09 08:00:00,2024-05-09 15:00:00,2313.68,2325.25,2325.25,2290.54,0.09,loss,-99.53,9790.58
8,BUY,2024-05-14 03:00:00,2024-05-24 18:00:00,2339.38,2334.53,2273.25,2471.64,0.01,loss,-4.92,9785.66
9,BUY,2024-05-14 14:00:00,2024-05-27 06:00:00,2346.55,2346.02,2273.25,2493.15,0.01,loss,-0.6,9785.06
10,BUY,2024-05-15 14:00:00,2024-05-28 09:00:00,2365.72,2341.85,2273.25,2550.66,0.01,loss,-23.94,9761.12
11,BUY,2024-05-20 07:00:00,2024-05-31 02:00:00,2440.3,2343.98,2273.25,2774.4,0.01,loss,-96.39,9664.73
12,BUY,2024-05-21 07:00:00,2024-06-03 02:00:00,2415.38,2325.87,2273.25,2699.64,0.01,loss,-89.58,9575.15
13,BUY,2024-05-21 09:00:00,2024-06-03 04:00:00,2413.61,2330.77,2273.25,2694.33,0.01,loss,-82.91,9492.24
14,BUY,2024-05-22 07:00:00,2024-06-04 02:00:00,2415.86,2350.55,2273.25,2701.08,0.01,loss,-65.38,9426.86
15,SELL,2024-05-30 07:00:00,2024-05-30 15:00:00,2332.27,2343.93,2343.93,2308.95,0.08,loss,-94.83,9332.03
16,SELL,2024-05-31 09:00:00,2024-05-31 15:00:00,2342.85,2354.56,2354.56,2319.42,0.08,loss,-93.88,9238.15
17,SELL,2024-06-04 15:00:00,2024-06-05 15:00:00,2332.12,2343.78,2343.78,2308.8,0.08,loss,-92.94,9145.21
18,SELL,2024-06-10 08:00:00,2024-06-10 14:00:00,2292.67,2304.13,2304.13,2269.74,0.08,loss,-92.01,9053.2
19,BUY,2024-06-19 13:00:00,2024-07-02 08:00:00,2330.93,2329.91,2281.22,2430.35,0.02,loss,-2.18,9051.02
20,BUY,2024-06-20 15:00:00,2024-07-03 07:00:00,2341.61,2334.47,2281.22,2462.39,0.01,loss,-7.21,9043.81
21,BUY,2024-06-21 13:00:00,2024-07-04 05:00:00,2366.63,2359.24,2281.22,2537.45,0.01,loss,-7.46,9036.35
22,SELL,2024-06-27 07:00:00,2024-06-27 12:00:00,2297.48,2308.97,2308.97,2274.51,0.08,loss,-90.92,8945.43
23,SELL,2024-06-28 02:00:00,2024-06-28 13:00:00,2324.69,2336.31,2336.31,2301.44,0.08,loss,-90.01,8855.42
24,SELL,2024-06-28 15:00:00,2024-07-03 10:00:00,2332.46,2344.12,2344.12,2309.14,0.08,loss,-89.11,8766.31
25,BUY,2024-07-02 14:00:00,2024-07-03 15:00:00,2323.72,2349.72,2310.72,2349.72,0.07,win,174.84,8941.15
26,BUY,2024-07-03 08:00:00,2024-07-03 17:00:00,2336.3,2362.3,2323.3,2362.3,0.07,win,178.33,9119.48
27,BUY,2024-07-03 14:00:00,2024-07-05 15:00:00,2348.38,2374.38,2335.38,2374.38,0.07,win,181.9,9301.38
28,BUY,2024-07-04 09:00:00,2024-07-11 15:00:00,2359.33,2407.23,2335.38,2407.23,0.04,win,185.75,9487.13
29,BUY,2024-07-09 15:00:00,2024-07-11 18:00:00,2363.18,2418.78,2335.38,2418.78,0.03,win,189.53,9676.66
30,BUY,2024-07-10 15:00:00,2024-07-17 03:00:00,2380.78,2471.58,2335.38,2471.58,0.02,win,193.39,9870.05
31,BUY,2024-07-11 14:00:00,2024-07-17 04:00:00,2383.77,2480.55,2335.38,2480.55,0.02,win,197.26,10067.31
32,SELL,2024-07-25 13:00:00,2024-07-25 20:00:00,2378.21,2354.43,2390.1,2354.43,0.08,win,200.79,10268.1
33,BUY,2024-08-02 14:00:00,2024-08-15 06:00:00,2462.21,2453.62,2352.69,2681.25,0.01,loss,-8.66,10259.44
34,SELL,2024-08-07 09:00:00,2024-08-07 15:00:00,2391.69,2403.65,2403.65,2367.77,0.09,loss,-103.22,10156.22
35,BUY,2024-08-12 14:00:00,2024-08-16 22:00:00,2444.56,2506.6,2413.54,2506.6,0.03,win,202.91,10359.13
36,BUY,2024-08-22 07:00:00,2024-09-04 02:00:00,2504.92,2493.21,2444.98,2624.8,0.02,loss,-23.56,10335.57
37,BUY,2024-08-27 07:00:00,2024-09-09 02:00:00,2510.31,2496.89,2444.98,2640.97,0.02,loss,-26.98,10308.59
38,BUY,2024-08-28 11:00:00,2024-09-10 06:00:00,2511.19,2502.65,2444.98,2643.61,0.02,loss,-17.22,10291.37
39,BUY,2024-08-28 15:00:00,2024-09-10 10:00:00,2503.59,2502.81,2444.98,2620.81,0.02,loss,-1.7,10289.67
40,SELL,2024-09-03 15:00:00,2024-09-05 09:00:00,2490.21,2502.66,2502.66,2465.31,0.08,loss,-103.46,10186.21
41,SELL,2024-09-04 07:00:00,2024-09-05 09:00:00,2492.87,2505.33,2505.33,2467.94,0.08,loss,-102.42,10083.79
42,SELL,2024-09-04 14:00:00,2024-09-04 17:00:00,2486.23,2498.66,2498.66,2461.37,0.08,loss,-101.4,9982.39
43,BUY,2024-09-06 14:00:00,2024-09-19 06:00:00,2519.31,2564.02,2475.48,2606.97,0.02,win,89.28,10071.67
44,BUY,2024-09-10 07:00:00,2024-09-12 15:00:00,2504.81,2530.81,2491.81,2530.81,0.08,win,200.87,10272.54
45,BUY,2024-09-10 14:00:00,2024-09-12 15:00:00,2507.85,2533.85,2494.85,2533.85,0.08,win,204.89,10477.43
46,BUY,2024-09-16 07:00:00,2024-09-26 22:00:00,2588.78,2673.62,2502.22,2761.9,0.01,win,84.77,10562.2
47,BUY,2024-09-17 07:00:00,2024-09-27 22:00:00,2579.9,2652.1,2502.22,2735.26,0.01,win,72.13,10634.33
48,BUY,2024-09-23 13:00:00,2024-10-04 05:00:00,2624.5,2662.05,2502.22,2869.06,0.01,win,37.48,10671.81
49,SELL,2024-10-09 08:00:00,2024-10-10 22:00:00,2616.66,2629.74,2629.74,2590.49,0.08,loss,-107.28,10564.53
50,SELL,2024-10-10 13:00:00,2024-10-10 17:00:00,2614.97,2628.04,2628.04,2588.82,0.08,loss,-106.21,10458.32
51,BUY,2024-10-14 08:00:00,2024-10-24 23:00:00,2661.95,2735.78,2502.22,2981.41,0.01,win,73.76,10532.08
52,BUY,2024-10-14 15:00:00,2024-10-25 07:00:00,2654.38,2725.89,2502.22,2958.7,0.01,win,71.44,10603.52
53,BUY,2024-10-16 07:00:00,2024-10-28 22:00:00,2669.68,2742.5,2502.22,3004.6,0.01,win,72.75,10676.27
54,BUY,2024-10-17 15:00:00,2024-10-30 07:00:00,2683.63,2780.16,2502.22,3046.45,0.01,win,96.46,10772.73
55,BUY,2024-10-23 09:00:00,2024-11-05 01:00:00,2753.51,2736.03,2502.22,3256.09,0.01,loss,-17.55,10755.18
56,BUY,2024-10-25 07:00:00,2024-11-06 22:00:00,2728.89,2660.65,2502.22,3182.23,0.01,loss,-68.31,10686.87
57,BUY,2024-10-29 15:00:00,2024-11-11 07:00:00,2752.11,2669.2,2502.22,3251.89,0.01,loss,-82.98,10603.89
58,BUY,2024-10-30 14:00:00,2024-11-12 06:00:00,2781.55,2617.73,2502.22,3340.21,0.01,loss,-163.89,10440.0
59,SELL,2024-11-05 13:00:00,2024-11-06 08:00:00,2738.69,2711.3,2752.38,2711.3,0.08,win,208.24,10648.24
60,SELL,2024-11-06 01:00:00,2024-11-06 08:00:00,2742.6,2715.17,2756.31,2715.17,0.08,win,212.4,10860.64
61,SELL,2024-11-08 07:00:00,2024-11-11 11:00:00,2692.22,2665.3,2705.68,2665.3,0.08,win,216.65,11077.29
62,SELL,2024-11-11 13:00:00,2024-11-11 16:00:00,2659.58,2632.98,2672.88,2632.98,0.08,win,220.99,11298.28
63,SELL,2024-11-12 08:00:00,2024-11-13 15:00:00,2604.92,2617.94,2617.94,2578.87,0.09,loss,-113.61,11184.67
64,SELL,2024-11-13 15:00:00,2024-11-13 19:00:00,2609.34,2583.25,2622.39,2583.25,0.09,win,223.06,11407.73
65,SELL,2024-11-19 08:00:00,2024-11-19 12:00:00,2622.04,2635.15,2635.15,2595.82,0.09,loss,-114.71,11293.02
66,SELL,2024-11-20 07:00:00,2024-11-20 17:00:00,2633.86,2647.03,2647.03,2607.52,0.09,loss,-113.56,11179.46
67,BUY,2024-11-21 07:00:00,2024-12-04 03:00:00,2659.92,2642.17,2551.65,2876.46,0.01,loss,-17.82,11161.64
68,BUY,2024-11-22 07:00:00,2024-12-05 03:00:00,2689.61,2647.0,2551.65,2965.53,0.01,loss,-42.68,11118.96
69,SELL,2024-12-03 13:00:00,2024-12-03 16:00:00,2640.61,2653.81,2653.81,2614.2,0.08,loss,-111.75,11007.21
70,BUY,2024-12-10 13:00:00,2024-12-23 05:00:00,2677.53,2624.08,2551.65,2929.29,0.01,loss,-53.52,10953.69
71,BUY,2024-12-11 14:00:00,2024-12-24 06:00:00,2698.71,2620.21,2551.65,2992.83,0.01,loss,-78.57,10875.12
72,BUY,2024-12-13 13:00:00,2024-12-27 09:00:00,2668.07,2633.52,2551.65,2900.91,0.01,loss,-34.62,10840.5
73,SELL,2024-12-17 07:00:00,2024-12-18 21:00:00,2650.63,2624.12,2663.88,2624.12,0.08,win,216.25,11056.75
74,SELL,2024-12-17 09:00:00,2024-12-18 21:00:00,2650.69,2624.18,2663.94,2624.18,0.08,win,220.58,11277.32
75,SELL,2024-12-17 14:00:00,2024-12-18 21:00:00,2639.99,2613.59,2653.19,2613.59,0.09,win,224.92,11502.24
76,SELL,2024-12-30 07:00:00,2025-01-02 03:00:00,2620.73,2633.83,2633.83,2594.52,0.09,loss,-115.65,11386.59
77,SELL,2024-12-30 14:00:00,2025-01-02 03:00:00,2618.49,2631.58,2631.58,2592.31,0.09,loss,-114.5,11272.09
78,BUY,2025-01-09 07:00:00,2025-01-10 16:00:00,2661.39,2687.39,2648.39,2687.39,0.09,win,224.81,11496.9
79,BUY,2025-01-10 09:00:00,2025-01-21 18:00:00,2679.18,2740.76,2648.39,2740.76,0.04,win,229.66,11726.56
80,BUY,2025-01-10 14:00:00,2025-01-22 02:00:00,2681.25,2746.97,2648.39,2746.97,0.04,win,234.25,11960.81
81,BUY,2025-01-15 14:00:00,2025-01-21 09:00:00,2687.64,2731.72,2665.6,2731.72,0.05,win,238.87,12199.68
82,BUY,2025-01-16 08:00:00,2025-01-22 07:00:00,2696.93,2753.85,2668.47,2753.85,0.04,win,243.71,12443.39
83,BUY,2025-01-16 14:00:00,2025-01-24 15:00:00,2706.6,2782.86,2668.47,2782.86,0.03,win,248.66,12692.05
84,BUY,2025-01-20 03:00:00,2025-01-21 04:00:00,2696.84,2722.84,2683.84,2722.84,0.1,win,253.14,12945.19
85,BUY,2025-01-21 08:00:00,2025-01-30 17:00:00,2727.25,2790.61,2695.57,2790.61,0.04,win,258.62,13203.81
86,BUY,2025-01-21 15:00:00,2025-01-22 07:00:00,2729.27,2755.27,2716.27,2755.27,0.1,win,263.38,13467.19
87,BUY,2025-01-23 15:00:00,2025-01-31 14:00:00,2744.54,2801.08,2716.27,2801.08,0.05,win,268.99,13736.18
88,BUY,2025-01-27 09:00:00,2025-02-03 16:00:00,2752.35,2824.51,2716.27,2824.51,0.04,win,274.44,14010.62
89,BUY,2025-01-30 13:00:00,2025-01-31 17:00:00,2780.58,2813.28,2764.23,2813.28,0.09,win,279.58,14290.2
90,BUY,2025-01-31 08:00:00,2025-02-05 07:00:00,2795.71,2858.67,2764.23,2858.67,0.05,win,285.45,14575.65
91,BUY,2025-02-04 09:00:00,2025-02-04 17:00:00,2815.63,2841.63,2802.63,2841.63,0.11,win,290.74,14866.39
92,BUY,2025-02-05 15:00:00,2025-02-18 09:00:00,2864.81,2911.58,2802.63,2989.17,0.02,win,93.4,14959.79
93,BUY,2025-02-07 15:00:00,2025-02-20 09:00:00,2865.49,2948.95,2802.63,2991.21,0.02,win,166.78,15126.57
94,BUY,2025-02-14 09:00:00,2025-02-27 03:00:00,2934.81,2912.6,2802.63,3199.17,0.01,loss,-22.28,15104.29
95,BUY,2025-02-25 09:00:00,2025-03-10 01:00:00,2934.55,2911.86,2802.63,3198.39,0.01,loss,-22.76,15081.53
96,SELL,2025-02-27 15:00:00,2025-02-28 06:00:00,2886.02,2857.16,2900.45,2857.16,0.1,win,300.93,15382.46
97,SELL,2025-03-03 14:00:00,2025-03-03 17:00:00,2872.63,2886.99,2886.99,2843.9,0.11,loss,-154.59,15227.87
98,BUY,2025-03-13 15:00:00,2025-03-13 18:00:00,2945.46,2971.46,2932.46,2971.46,0.12,win,303.72,15531.59
99,BUY,2025-03-18 08:00:00,2025-03-28 23:00:00,3014.97,3084.56,2932.46,3179.99,0.02,win,139.04,15670.63
100,BUY,2025-03-28 07:00:00,2025-04-09 22:00:00,3076.81,3093.46,2932.46,3365.51,0.01,win,16.58,15687.21
101,BUY,2025-04-02 09:00:00,2025-04-15 01:00:00,3119.52,3212.19,2932.46,3493.64,0.01,win,92.6,15779.81
102,SELL,2025-04-08 14:00:00,2025-04-08 20:00:00,3014.42,2984.28,3029.49,2984.28,0.1,win,314.9,16094.71
103,BUY,2025-04-21 07:00:00,2025-05-01 22:00:00,3379.48,3228.18,3107.0,3924.44,0.01,loss,-151.37,15943.34
104,BUY,2025-04-22 07:00:00,2025-05-02 22:00:00,3487.39,3233.51,3107.0,4248.17,0.01,loss,-253.95,15689.39
105,BUY,2025-04-30 14:00:00,2025-05-13 06:00:00,3274.83,3236.71,3107.0,3610.49,0.01,loss,-38.19,15651.2
106,SELL,2025-05-01 13:00:00,2025-05-01 23:00:00,3219.96,3236.06,3236.06,3187.76,0.1,loss,-157.21,15493.99
107,SELL,2025-05-02 14:00:00,2025-05-02 19:00:00,3259.67,3227.07,3275.97,3227.07,0.1,win,309.18,15803.17
108,BUY,2025-05-06 08:00:00,2025-05-16 23:00:00,3365.02,3201.1,3107.0,3881.06,0.01,loss,-163.99,15639.18
109,BUY,2025-05-06 14:00:00,2025-05-19 06:00:00,3382.15,3212.15,3107.0,3932.45,0.01,loss,-170.07,15469.11
110,SELL,2025-05-12 09:00:00,2025-05-12 10:00:00,3274.63,3241.88,3291.0,3241.88,0.09,win,308.75,15777.86
111,SELL,2025-05-14 13:00:00,2025-05-14 15:00:00,3232.63,3200.3,3248.79,3200.3,0.1,win,314.86,16092.72
112,SELL,2025-05-19 03:00:00,2025-05-19 06:00:00,3243.45,3211.02,3259.67,3211.02,0.1,win,321.15,16413.87
113,SELL,2025-05-19 14:00:00,2025-05-20 05:00:00,3240.74,3208.33,3256.94,3208.33,0.1,win,327.58,16741.45
114,BUY,2025-05-21 07:00:00,2025-06-03 01:00:00,3305.09,3389.91,3225.26,3464.75,0.02,win,169.5,16910.95
115,BUY,2025-05-22 13:00:00,2025-06-04 07:00:00,3292.64,3354.75,3225.26,3427.4,0.03,win,186.12,17097.07
116,BUY,2025-05-23 13:00:00,2025-06-05 07:00:00,3331.61,3368.38,3225.26,3544.31,0.02,win,73.4,17170.47
117,BUY,2025-06-02 15:00:00,2025-06-13 07:00:00,3358.44,3425.32,3253.59,3568.14,0.02,win,133.62,17304.09
118,BUY,2025-06-03 13:00:00,2025-06-16 05:00:00,3358.46,3438.44,3253.59,3568.2,0.02,win,159.82,17463.91
119,BUY,2025-06-04 14:00:00,2025-06-17 06:00:00,3349.56,3387.62,3253.59,3541.5,0.02,win,75.98,17539.89
120,BUY,2025-06-12 07:00:00,2025-06-25 02:00:00,3373.53,3324.14,3253.59,3613.41,0.01,loss,-49.46,17490.43
121,BUY,2025-06-17 06:00:00,2025-06-30 01:00:00,3390.62,3253.59,3253.59,3664.68,0.01,loss,-174.97,17315.46
122,BUY,2025-06-19 09:00:00,2025-06-30 01:00:00,3360.36,3253.59,3253.59,3573.9,0.02,loss,-173.29,17142.17
123,SELL,2025-06-20 13:00:00,2025-06-20 16:00:00,3352.36,3369.12,3369.12,3318.84,0.1,loss,-172.12,16970.05
124,SELL,2025-06-23 14:00:00,2025-06-24 02:00:00,3377.71,3343.93,3394.6,3343.93,0.1,win,338.7,17308.75
125,SELL,2025-07-08 01:00:00,2025-07-08 17:00:00,3336.79,3303.42,3353.47,3303.42,0.1,win,345.48,17654.22
126,SELL,2025-07-08 15:00:00,2025-07-08 18:00:00,3325.16,3291.91,3341.79,3291.91,0.11,win,352.31,18006.53
127,SELL,2025-07-09 07:00:00,2025-07-09 17:00:00,3290.95,3307.4,3307.4,3258.04,0.11,loss,-180.84,17825.69
128,SELL,2025-07-09 13:00:00,2025-07-09 17:00:00,3292.47,3308.93,3308.93,3259.55,0.11,loss,-179.03,17646.66
129,SELL,2025-07-10 15:00:00,2025-07-11 08:00:00,3320.82,3337.42,3337.42,3287.61,0.11,loss,-177.24,17469.42
130,BUY,2025-07-14 08:00:00,2025-07-24 23:00:00,3360.62,3368.2,3253.59,3574.68,0.02,win,15.02,17484.44
131,BUY,2025-07-15 09:00:00,2025-07-28 01:00:00,3361.29,3329.61,3253.59,3576.69,0.02,loss,-63.5,17420.94
132,BUY,2025-07-21 13:00:00,2025-08-01 05:00:00,3369.09,3291.74,3253.59,3600.09,0.02,loss,-154.84,17266.1
133,BUY,2025-07-23 08:00:00,2025-08-04 23:00:00,3423.39,3373.74,3253.59,3762.99,0.01,loss,-49.72,17216.38
134,SELL,2025-07-28 14:00:00,2025-07-30 16:00:00,3333.56,3300.22,3350.23,3300.22,0.1,win,343.63,17560.01
135,SELL,2025-07-30 14:00:00,2025-07-30 18:00:00,3327.83,3294.55,3344.47,3294.55,0.11,win,350.43,17910.44
136,SELL,2025-07-31 15:00:00,2025-08-01 15:00:00,3304.59,3321.11,3321.11,3271.54,0.11,loss,-179.87,17730.57
137,BUY,2025-08-04 15:00:00,2025-08-15 07:00:00,3370.78,3345.41,3276.72,3558.9,0.02,loss,-50.88,17679.69
138,BUY,2025-08-05 07:00:00,2025-08-15 22:00:00,3374.1,3339.13,3276.72,3568.86,0.02,loss,-70.08,17609.61
139,BUY,2025-08-05 14:00:00,2025-08-18 06:00:00,3354.43,3346.98,3276.72,3509.85,0.02,loss,-15.04,17594.57
140,BUY,2025-08-07 08:00:00,2025-08-19 23:00:00,3378.47,3315.36,3276.72,3581.97,0.02,loss,-126.36,17468.21
141,BUY,2025-08-12 09:00:00,2025-08-25 01:00:00,3348.38,3367.26,3276.72,3491.7,0.02,win,37.62,17505.83
142,SELL,2025-08-14 14:00:00,2025-08-19 19:00:00,3352.47,3318.95,3369.23,3318.95,0.1,win,349.42,17855.25
143,BUY,2025-08-25 08:00:00,2025-09-01 05:00:00,3367.62,3475.94,3313.46,3475.94,0.03,win,356.9,18212.14
144,BUY,2025-08-25 13:00:00,2025-09-01 05:00:00,3368.98,3480.02,3313.46,3480.02,0.03,win,364.03,18576.17
145,BUY,2025-08-26 13:00:00,2025-08-28 11:00:00,3374.99,3400.99,3361.99,3400.99,0.14,win,370.54,18946.71
146,BUY,2025-08-28 08:00:00,2025-08-28 20:00:00,3392.13,3418.13,3379.13,3418.13,0.15,win,377.88,19324.59
147,BUY,2025-08-28 13:00:00,2025-08-29 16:00:00,3400.01,3426.01,3387.01,3426.01,0.15,win,385.44,19710.03
148,BUY,2025-08-29 13:00:00,2025-08-29 17:00:00,3408.47,3434.47,3395.47,3434.47,0.15,win,393.15,20103.18
149,BUY,2025-09-01 15:00:00,2025-09-02 04:00:00,3472.39,3498.39,3459.39,3498.39,0.15,win,401.01,20504.19
150,BUY,2025-09-04 08:00:00,2025-09-04 16:00:00,3530.39,3556.39,3517.39,3556.39,0.16,win,408.96,20913.15
151,BUY,2025-09-05 13:00:00,2025-09-05 15:00:00,3554.82,3580.82,3541.82,3580.82,0.16,win,417.14,21330.29
152,BUY,2025-09-08 07:00:00,2025-09-08 10:00:00,3584.57,3610.57,3571.57,3610.57,0.16,win,425.49,21755.78
153,BUY,2025-09-09 15:00:00,2025-09-22 07:00:00,3650.46,3692.17,3571.57,3808.24,0.03,win,124.92,21880.7
154,BUY,2025-09-11 14:00:00,2025-09-12 04:00:00,3619.8,3645.8,3606.8,3645.8,0.17,win,436.42,22317.12
155,BUY,2025-09-12 15:00:00,2025-09-16 17:00:00,3648.35,3701.25,3621.9,3701.25,0.08,win,445.78,22762.9
156,BUY,2025-09-16 08:00:00,2025-09-26 23:00:00,3685.69,3760.71,3621.9,3813.27,0.04,win,299.8,23062.7
157,BUY,2025-09-22 07:00:00,2025-09-22 11:00:00,3695.17,3721.17,3682.17,3721.17,0.18,win,459.99,23522.69
158,BUY,2025-09-23 07:00:00,2025-09-30 03:00:00,3747.71,3836.83,3703.15,3836.83,0.05,win,470.1,23992.79
159,BUY,2025-09-24 09:00:00,2025-10-06 02:00:00,3774.18,3916.24,3703.15,3916.24,0.03,win,479.65,24472.44
160,BUY,2025-09-24 13:00:00,2025-10-01 11:00:00,3765.11,3889.03,3703.15,3889.03,0.04,win,489.17,24961.61
161,BUY,2025-10-01 09:00:00,2025-10-08 12:00:00,3862.17,4049.27,3768.62,4049.27,0.03,win,499.02,25460.63
162,BUY,2025-10-02 07:00:00,2025-10-13 08:00:00,3867.21,4064.39,3768.62,4064.39,0.03,win,509.0,25969.63
163,BUY,2025-10-06 15:00:00,2025-10-13 08:00:00,3937.15,4067.75,3871.85,4067.75,0.04,win,519.11,26488.74
164,BUY,2025-10-20 09:00:00,2025-10-31 01:00:00,4239.29,4037.84,3871.85,4974.17,0.01,loss,-201.52,26287.22
165,BUY,2025-10-20 13:00:00,2025-10-31 05:00:00,4257.7,4011.07,3871.85,5029.4,0.01,loss,-246.7,26040.52
166,SELL,2025-10-23 09:00:00,2025-10-23 16:00:00,4110.59,4131.14,4131.14,4069.48,0.13,loss,-261.32,25779.2
167,SELL,2025-10-27 15:00:00,2025-10-27 17:00:00,4042.68,4002.25,4062.89,4002.25,0.13,win,514.67,26293.87
168,SELL,2025-10-29 15:00:00,2025-10-29 21:00:00,4022.52,3982.29,4042.63,3982.29,0.13,win,524.97,26818.84
169,SELL,2025-11-04 13:00:00,2025-11-04 16:00:00,3992.04,3952.12,4012.0,3952.12,0.13,win,535.47,27354.31
170,SELL,2025-11-06 13:00:00,2025-11-06 19:00:00,4015.2,3975.05,4035.28,3975.05,0.14,win,546.11,27900.42
171,SELL,2025-11-06 15:00:00,2025-11-06 19:00:00,4009.14,3969.05,4029.19,3969.05,0.14,win,557.03,28457.45
172,BUY,2025-11-11 09:00:00,2025-11-24 01:00:00,4132.58,4075.09,3990.93,4415.88,0.02,loss,-115.12,28342.33
173,BUY,2025-11-12 07:00:00,2025-11-24 22:00:00,4107.65,4132.65,3990.93,4341.09,0.02,win,49.86,28392.19
174,BUY,2025-11-12 09:00:00,2025-11-25 01:00:00,4120.03,4143.81,3990.93,4378.23,0.02,win,47.42,28439.61
175,BUY,2025-11-12 15:00:00,2025-11-25 07:00:00,4130.09,4150.99,3990.93,4408.41,0.02,win,41.66,28481.27
176,BUY,2025-11-13 08:00:00,2025-11-25 23:00:00,4213.43,4130.79,3990.93,4658.43,0.01,loss,-82.71,28398.56
177,SELL,2025-11-19 14:00:00,2025-11-19 17:00:00,4111.57,4132.13,4132.13,4070.45,0.14,loss,-284.97,28113.59
178,SELL,2025-11-19 16:00:00,2025-11-19 18:00:00,4124.95,4083.7,4145.57,4083.7,0.14,win,561.29,28674.88
179,SELL,2025-11-21 07:00:00,2025-11-21 15:00:00,4055.53,4075.81,4075.81,4014.97,0.14,loss,-287.73,28387.15
180,BUY,2025-11-25 14:00:00,2025-12-01 02:00:00,4132.8,4232.32,4083.04,4232.32,0.06,win,567.32,28954.47
181,BUY,2025-11-27 07:00:00,2025-11-28 02:00:00,4150.09,4176.09,4137.09,4176.09,0.22,win,577.55,29532.02
182,BUY,2025-12-11 13:00:00,2025-12-11 18:00:00,4214.28,4273.76,4184.54,4273.76,0.1,win,589.94,30121.96
183,BUY,2025-12-12 14:00:00,2025-12-26 09:00:00,4328.85,4510.95,4184.54,4617.47,0.02,win,364.06,30486.02
184,BUY,2025-12-15 09:00:00,2025-12-29 04:00:00,4342.24,4512.43,4184.54,4657.64,0.02,win,340.24,30826.26
185,BUY,2025-12-18 14:00:00,2026-01-02 09:00:00,4323.85,4382.81,4184.54,4602.47,0.02,win,117.78,30944.04
186,BUY,2025-12-26 09:00:00,2026-01-09 01:00:00,4513.95,4475.58,4184.54,5172.77,0.01,loss,-38.44,30905.6
187,BUY,2025-12-26 14:00:00,2026-01-09 06:00:00,4511.63,4464.7,4184.54,5165.81,0.01,loss,-47.0,30858.6
188,SELL,2025-12-31 09:00:00,2025-12-31 16:00:00,4328.15,4349.79,4349.79,4284.87,0.14,loss,-309.57,30549.03
189,SELL,2026-01-02 14:00:00,2026-01-02 17:00:00,4391.38,4347.47,4413.34,4347.47,0.14,win,610.0,31159.03
190,BUY,2026-01-07 08:00:00,2026-01-20 02:00:00,4447.19,4660.47,4184.54,4972.49,0.01,win,213.21,31372.24
191,BUY,2026-01-08 07:00:00,2026-01-21 01:00:00,4428.56,4775.84,4184.54,4916.6,0.01,win,347.21,31719.45
192,SELL,2026-01-09 13:00:00,2026-01-09 16:00:00,4472.4,4494.76,4494.76,4427.68,0.14,loss,-318.17,31401.28
193,BUY,2026-01-12 08:00:00,2026-01-23 02:00:00,4581.52,4965.11,4184.54,5375.48,0.01,win,383.52,31784.8
194,BUY,2026-01-13 09:00:00,2026-01-26 03:00:00,4583.68,5070.89,4184.54,5381.96,0.01,win,487.14,32271.94
195,BUY,2026-01-14 13:00:00,2026-01-27 07:00:00,4633.3,5083.0,4184.54,5530.82,0.01,win,449.63,32721.57
196,BUY,2026-01-19 13:00:00,2026-01-30 07:00:00,4663.69,5184.87,4184.54,5621.99,0.01,win,521.11,33242.68
197,BUY,2026-01-20 14:00:00,2026-02-02 06:00:00,4730.58,4679.77,4184.54,5822.66,0.01,loss,-50.88,33191.8
198,BUY,2026-01-21 14:00:00,2026-02-03 06:00:00,4868.12,4809.16,4184.54,6235.28,0.01,loss,-59.03,33132.77
199,BUY,2026-01-23 13:00:00,2026-02-05 05:00:00,4925.8,4880.59,4184.54,6408.32,0.01,loss,-45.28,33087.49
200,BUY,2026-01-26 15:00:00,2026-02-06 07:00:00,5071.42,4897.82,4184.54,6845.18,0.01,loss,-173.67,32913.82
201,BUY,2026-01-28 13:00:00,2026-02-10 05:00:00,5264.59,5030.02,4184.54,7424.69,0.01,loss,-234.64,32679.18
202,SELL,2026-02-02 14:00:00,2026-02-13 06:00:00,4791.2,4976.68,5544.16,3285.28,0.01,loss,-185.55,32493.63
203,SELL,2026-02-09 14:00:00,2026-02-20 08:00:00,5010.52,5021.73,5544.16,3943.24,0.01,loss,-11.28,32482.35
204,BUY,2026-02-12 14:00:00,2026-02-25 08:00:00,5055.24,5194.43,4184.54,6796.64,0.01,win,139.12,32621.47
205,SELL,2026-02-17 14:00:00,2026-03-02 06:00:00,4928.2,5356.0,5544.16,3696.28,0.01,loss,-427.87,32193.6
206,SELL,2026-02-18 09:00:00,2026-03-03 01:00:00,4927.82,5345.99,5544.16,3695.14,0.01,loss,-418.24,31775.36
207,BUY,2026-02-20 09:00:00,2026-03-05 01:00:00,5010.6,5166.15,4184.54,6662.72,0.01,win,155.48,31930.84
208,BUY,2026-02-23 13:00:00,2026-03-06 05:00:00,5152.89,5131.11,4184.54,7089.59,0.01,loss,-21.85,31908.99
209,BUY,2026-02-23 15:00:00,2026-03-06 07:00:00,5148.94,5117.42,4184.54,7077.74,0.01,loss,-31.59,31877.4
210,BUY,2026-02-26 13:00:00,2026-03-11 05:00:00,5170.45,5217.3,4184.54,7142.27,0.01,win,46.78,31924.18
211,BUY,2026-03-03 08:00:00,2026-03-13 23:00:00,5311.81,5018.7,4184.54,7566.35,0.01,loss,-293.18,31631.0
212,SELL,2026-03-09 15:00:00,2026-03-19 15:00:00,5092.53,4602.81,5337.39,4602.81,0.01,win,632.55,32263.55
213,BUY,2026-03-12 07:00:00,2026-03-23 09:00:00,5145.61,4184.54,4184.54,7067.75,0.01,loss,-322.71,31940.84
214,SELL,2026-03-13 15:00:00,2026-03-13 17:00:00,5115.28,5089.28,5128.28,5089.28,0.25,win,637.07,32577.91
215,SELL,2026-03-17 07:00:00,2026-03-17 09:00:00,5034.89,5008.89,5047.89,5008.89,0.25,win,649.81,33227.72
216,SELL,2026-03-18 09:00:00,2026-03-18 11:00:00,5006.32,4980.32,5019.32,4980.32,0.26,win,662.73,33890.45
217,SELL,2026-03-20 15:00:00,2026-03-23 09:00:00,4675.46,4224.2,4901.09,4224.2,0.02,win,677.67,34568.12
218,SELL,2026-03-23 07:00:00,2026-04-02 22:00:00,4364.56,4672.26,4901.09,3291.5,0.01,loss,-307.77,34260.35
219,SELL,2026-03-24 13:00:00,2026-04-07 05:00:00,4435.08,4650.47,4901.09,3503.06,0.01,loss,-215.46,34044.89
220,BUY,2026-04-08 13:00:00,2026-04-10 08:00:00,4785.5,4765.88,4652.87,5050.76,0.03,loss,-59.07,33985.82
221,BUY,2026-04-09 15:00:00,2026-04-09 16:00:00,4747.53,4773.53,4734.53,4773.53,0.26,win,677.9,34663.72
